<?xml version="1.0" encoding="UTF-8"?><?xml-stylesheet type='text/xsl' href='_UpgradeReport_Files/UpgradeReport.xslt'?><UpgradeLog>
<Properties><Property Name="Solution" Value="Shadow Mapping">
</Property><Property Name="Solution File" Value="C:\Users\mohamed\Desktop\smt\Shadow Mapping Tutorial\Shadow Mapping.sln">
</Property><Property Name="Date" Value="Monday, April 09, 2012">
</Property><Property Name="Time" Value="23:02 PM">
</Property></Properties><Event ErrorLevel="0" Project="" Source="Shadow Mapping.sln" Description="File successfully backed up as C:\Users\mohamed\Desktop\smt\Shadow Mapping Tutorial\Shadow Mapping.sln.old">
</Event><Event ErrorLevel="0" Project="Shadow Mapping" Source="Shadow Mapping.vcproj" Description="Web deployment to the local IIS server is no longer supported. The Web Deployment build tool has been removed from your project settings.">
</Event><Event ErrorLevel="1" Project="Shadow Mapping" Source="Shadow Mapping.vcproj" Description="This application has been updated to include settings related to the User Account Control (UAC) feature of Windows Vista. By default, when run on Windows Vista with UAC enabled, this application is marked to run with the same privileges as the process that launched it. This marking also disables the application from running with virtualization. You can change UAC related settings from the Property Pages of the project.">
</Event><Event ErrorLevel="0" Project="Shadow Mapping" Source="Shadow Mapping.vcproj" Description="Project file successfully backed up as 'C:\Users\mohamed\Desktop\smt\Shadow Mapping Tutorial\Shadow Mapping.vcproj.8.00.old'.">
</Event><Event ErrorLevel="0" Project="Shadow Mapping" Source="Shadow Mapping.vcproj" Description="Project upgraded successfully.">
</Event><Event ErrorLevel="3" Project="Shadow Mapping" Source="Shadow Mapping.vcproj" Description="Converted">
</Event><Event ErrorLevel="0" Project="" Source="Shadow Mapping.sln" Description="Solution converted successfully">
</Event><Event ErrorLevel="3" Project="" Source="Shadow Mapping.sln" Description="Converted">
</Event></UpgradeLog>